id,zcr,energy,energy_entropy,spectral_centroid,spectral_spread,spectral_entropy,spectral_flux,spectral_rolloff,mfcc_1,mfcc_2,mfcc_3,mfcc_4,mfcc_5,mfcc_6,mfcc_7,mfcc_8,mfcc_9,mfcc_10,mfcc_11,mfcc_12,mfcc_13,chroma_1,chroma_2,chroma_3,chroma_4,chroma_5,chroma_6,chroma_7,chroma_8,chroma_9,chroma_10,chroma_11,chroma_12,chroma_std,Frec_Fund,Intens,hnr,localJitter,localabsoluteJitter,rapJitter,ppq5Jitter,localShimmer,localdbShimmer,apq3Shimmer,apq5Shimmer,apq11Shimmer,category
025ca537,0.07423025627265517,0.007568401803884295,2.9477422971356337,0.1573271025686835,0.19141500801382114,0.4779236539451816,0.005754475275126993,0.08703681710213776,-31.236859601497827,2.6372945103572394,0.8657913742122826,0.08237448776567202,-0.20707347195235587,0.07415998251492413,-0.20979440340757907,0.08696203313806396,-0.09888409435130663,0.025181492088756897,-0.01561265436808942,0.022743522077686814,-0.05086315906993502,0.010787104624346585,0.0036057269246157833,0.022482320796836597,0.01763618241509594,0.03164096469884451,0.016233234442017776,0.062165167085699045,0.001125803268973898,0.008004246174112144,0.023185808803978542,0.029382597881391716,0.003526316398691146,0.025602613391651215,127.74014833795219,50.80594468202643,4.9472072555011986,0.047910572285267045,0.0004132586712645503,0.024373228902141605,0.02569649008190412,0.19085992618326109,1.6687424875593593,0.07989861050214976,0.09625644283449585,0.10683015417394133,1
03cf7ff8,0.05287449435168218,0.026781611418661602,3.0501396532883804,0.15500678087067515,0.21168919036934802,0.25979916043113227,0.006933576383791033,0.055189989517819706,-29.478147231154978,3.2527010574843613,-0.07261200307654683,0.47955635213033515,0.23475775238744093,-0.28849294097507594,-0.0461905071500886,-0.040427214204492905,-0.1492878747846622,-0.2989909079557628,-0.09778390083518997,-0.20149865409088244,-0.11606612878616893,0.024719430883169365,0.002619653079670563,0.07174111904884038,0.038362834020990076,0.04391510191590768,0.007788151042806938,0.05824256516803664,0.0010268957645993065,0.003253933249698551,0.009288120457859556,0.015057386991180909,0.001850810583903065,0.04411294378993933,208.44006608955124,46.55302228219329,12.043289917474455,0.03621605658469423,0.00025921416197100173,0.017625224808425693,0.017362154269800572,0.1355145204675863,1.1833232523124533,0.059525031223242805,0.06244696037458213,0.07751550096730346,0
048c0a3b,0.05462175655896724,0.0134812893787959,3.0651517103618335,0.12127075385367272,0.17061328720357538,0.30743857481766873,0.006884230968677286,0.082859231411863,-29.124109288864442,2.693319127364062,-0.5925480381963405,-0.2687032272055483,-0.0013653493374606498,-0.1092975179080592,-0.06016360048914155,0.23691970064165657,-0.1252266256921327,-0.009160829905294916,-0.11038923439064205,-0.06679714775160923,-0.4171272103658743,0.05788814292474985,0.005918164345844403,0.020139521983986962,0.00672872404104023,0.013108763783469653,0.014778667609407109,0.012834912255878893,0.004239313775083582,0.002697158457897698,0.011365707443984822,0.04011536521229186,0.019733494624763658,0.02697217873871704,182.7495395733979,61.992163595057235,9.905224783361648,0.027205119972019815,0.00017900399839674988,0.014546728046946933,0.013518605418641767,0.13316406955258245,1.1866553514540346,0.05416072668836587,0.05934468002706913,0.07653069486032077,0
059bf68f,0.09185488186398312,0.0028618548353220442,2.9379793539405776,0.13710711118639143,0.13753756176975077,0.5982911347677228,0.004242020275572116,0.14166666666666666,-33.642601925594136,1.3413083033021762,-0.6117122744365904,-0.5567368323935825,-0.4836167856129922,-0.34829364242392535,-0.22706627548132427,0.04772753676322389,0.01547148789932131,0.023065328175223943,-0.045687750148975734,0.006517080472709977,-0.009174007139971982,0.021267355097084998,0.008867318993104688,0.01069614173344183,0.01053174181042994,0.008511139261402954,0.010626502606401305,0.015222985457474908,0.0029919008506705718,0.008491052058674222,0.01020241142527793,0.011528302955492205,0.016654625417856023,0.015294291706559542,210.10163856047416,43.28852777657829,5.613328737466864,0.03404649039423216,0.00015135074548899692,0.01834910418370549,0.021149181989243104,0.15817912382765306,1.3952123087423909,0.07203378003053508,0.08620487399691158,0.10842059272407507,1
0ca3237d,0.060853006934707646,0.023901079662435508,3.017783569255954,0.12846465604795834,0.16430029271073684,0.366146811754472,0.0070263962549173406,0.07852651515151515,-29.214587390708576,2.6604715388038325,0.14845003745156793,-0.4057314757780848,-0.09432934941218361,0.05293389417547192,0.13334253237503885,0.10666762950058503,-0.09035103184159354,-0.10654389627146385,-0.09071454116194515,-0.12494771915214557,-0.227855791093524,0.03408036686851112,0.007094422365938687,0.026167782511265277,0.01972437956935644,0.010139625292421007,0.007329605464152134,0.017249774169704607,0.0029037644496856933,0.006559506193936155,0.020080128189198045,0.0345654169287057,0.00725148255658656,0.02504158817751382,177.65917016355257,59.02753014482598,11.791690810177418,0.028163253333600462,0.0001772545780145614,0.014725307035248738,0.015610110156503544,0.12602962700047302,1.1139622817464394,0.0540608523549214,0.06166001862037762,0.06345657158408148,0
12315ba4,0.0449455291055958,0.04219468378468491,3.0483274905994038,0.10248090221101445,0.14307532467227072,0.21687157310827887,0.01158959053187506,0.061334459459459464,-29.23172784277059,1.8540524425583502,-0.6814789914291599,-0.44230855286780896,-0.049772043535437384,-0.06743637456170722,-0.10984620894824243,-0.23551069557059615,-0.3311786004887983,-0.0630767890155847,-0.017049654506544897,0.03814680570555692,-0.1031434598521514,0.009831033396404228,0.0055292810834657565,0.01787828524280194,0.02031376822052199,0.01687847330992037,0.017404385027808552,0.02805936651309863,0.016604189796594965,0.017133606421716432,0.008209964923027556,0.00954473930386414,0.003327968203144864,0.02634499781103618,279.7671822444045,62.86843699905495,13.496061527079283,0.022129247027899267,8.845865996713019e-05,0.011303038471203893,0.013509243628339211,0.10237521456796635,0.9122944432411925,0.044603027610758114,0.05405126084153268,0.07318281981719392,0
1e3aad34,0.09647082560996162,0.03223554751099505,2.9655999127437553,0.17810684481711178,0.20180996938884854,0.5991729321294355,0.0060827276319706134,0.1619104609929078,-29.601255157572965,2.5057854330855105,0.3623373641399144,-0.007033823924937065,-0.1182647466953112,0.16801923235130217,0.33136142595848544,0.06097504906963035,-0.07080561969471656,-0.20526256709319185,-0.08230396112205265,-0.04380686513361551,-0.015388926480275745,0.014184992829464374,0.0017488342972265313,0.012895180140934635,0.022751745151779735,0.013988618707848522,0.0039874579872037075,0.018728180681391798,0.0010325834213243245,0.003464654262573635,0.037392916182318804,0.05132512748690467,0.0017399280004369326,0.025002269164046992,171.40240231645268,54.46772775670811,13.802168502117183,0.024404007546839763,0.00015745075273755033,0.010469827006356257,0.011081028081553023,0.09168687118203364,0.8574107163702948,0.027100733460672932,0.03440875297199635,0.05398951303025919,0
2309f522,0.035333074174164335,0.011576890678807997,3.0677278610354244,0.08745552794130658,0.14203088698867175,0.1882678436737087,0.006419706097139515,0.05189700374531835,-27.83917694797311,2.753269524997127,-0.4679084633018691,-0.20358240684161885,-0.3719562395430798,0.010439606958249381,-0.0033465009404363504,-0.041900777902502497,-0.05401911003407479,0.10276198449213546,-0.07318167790846457,0.010926215595790682,-0.005078449765771964,0.008748332056234544,0.012775016558993518,0.03937577453525113,0.01683873402618557,0.010370141686820307,0.00900932191962026,0.033977913645934596,0.008202866892314946,0.01999421438779694,0.015864101215115143,0.017515108250399373,0.00459643865591355,0.022274386633525125,156.42651755621284,59.51798045036468,9.75778346048783,0.02311807988170501,0.00014475062708813665,0.011445478529814881,0.01169950274220591,0.11711401643473547,1.0322211085793074,0.05350365331783141,0.06373664462282129,0.07939613982674958,0
30150910,0.05924972764416736,0.006165319353573177,2.957865667533904,0.16806540438689013,0.21704670955154548,0.3516697456413459,0.006265502064884685,0.0610426731078905,-33.22830066952404,2.969742389876224,0.4781480909749754,0.014738241300631285,0.09149831248601757,0.04996697443275497,0.07587503680290882,0.03742018398714912,0.19572626147766337,0.20061387194987376,0.07099934166169641,0.1264461453789156,0.11241698595203169,0.004153642742619126,0.0016720540047483199,0.04815417242848813,0.017068457723024497,0.032389312166490596,0.0049416448451754256,0.05333987177925069,0.0005318553178799,0.005573673823864907,0.02677480099155953,0.062193888932872574,0.0031014749806965725,0.03563484550450386,112.23060911104864,45.25516614962309,11.440905238456926,0.05882032681792033,0.0006498020950705926,0.029674679758041635,0.035480839905403024,0.17436669981392658,1.54386653396547,0.08275078947914753,0.08391079773875426,0.1097492926501689,1
3383145a,0.06549071256830828,0.03665219583949518,3.0476901372925966,0.13869906993646985,0.17663116322539568,0.4437265677134588,0.004722696711522452,0.09195968412302577,-27.04175980954128,2.59639878358468,-0.1732113120801226,-0.04702202525171311,0.27696258571705296,0.027351712160117687,0.0959243962733232,0.045147715116994176,0.008201608101839753,0.021351684434912525,-0.012692926878892351,0.05465025858598422,-0.010296230744747333,0.009109828118739206,0.008480974618230944,0.03476391723315136,0.006315401451430594,0.01068047281200771,0.016869163626129828,0.062198954867230746,0.003416581375235082,0.011588056804777877,0.03528882548813686,0.012597815828278593,0.0021313427640333223,0.026697059135972243,208.01747453208372,59.1508058783499,9.524783480616145,0.029396537865508943,0.0001424742764787493,0.014661477440329728,0.014030311283966382,0.12670564378985277,1.1146603198290181,0.054465660785705694,0.06801883281439254,0.0658533117595773,0
34af1c0c,0.08087765558595592,0.01917100810501993,2.8833304809216864,0.18565556606105701,0.22292247950115335,0.44108039670391097,0.006168144464778921,0.08919499527856468,-30.260416644795814,3.0206092141219063,0.08065852331543176,-0.030437315202974,0.23528348731930043,-0.02363927158834819,0.21973821351385264,0.049711809313237446,-0.0012042074087340873,-0.11523920446719858,-0.19002601538961109,-0.0774097840068284,-0.09592815557390406,0.02904157377257555,0.004119025027696737,0.03407369361627973,0.017911789893377404,0.027908313412869947,0.006007745154418127,0.018971280597902627,0.0015049661809067435,0.003857463488052982,0.024331429133517855,0.032511555361050264,0.005206534564504905,0.022226533475382695,147.82401457068,59.44996736225403,9.482277868152607,0.05445997187909832,0.00045291820776607763,0.02582532297809618,0.028881820622545937,0.17356932140552941,1.463869670099495,0.0677211645121248,0.06800122441718864,0.07439395594783534,0
3640a826,0.05593945717547944,0.021285538400468953,3.056514997196467,0.12814551057412263,0.17677042880822436,0.27360276327969735,0.007814628580622752,0.08114130434782608,-29.152306998829793,3.5841035882157257,-0.539125528534769,-0.912267447497786,-0.2915496625949606,0.11275346115388177,0.07195097585541718,-0.06950684814504425,-0.1794394411285098,-0.06987051922756113,-0.0908185725394814,-0.09325823769251358,-0.3762564715175777,0.05332752176775658,0.009260029143504225,0.015731530924104026,0.007422555652704535,0.010330630426413533,0.028226110328183444,0.013451858115094407,0.009860632198663335,0.0037683115611973042,0.009335894337063408,0.024427061486615866,0.031852453400932845,0.02709415404048863,190.69011121050343,60.15641292593745,9.831205510575073,0.026478118098173492,0.0001446314169236114,0.014362456888887725,0.015971678788909763,0.14740676051633705,1.2893040060305385,0.06860261071619513,0.08407742342523378,0.08621503250803161,0
38e2b2e3,0.045740451556307675,0.019077919639888963,2.8782701076742243,0.13782192722443237,0.19821784970623718,0.28648761900961034,0.006603091377044641,0.058370646766169154,-30.18441879407682,2.955090499737776,0.2089108653659282,-0.04319010192579084,-0.01491701462743751,0.23546735908924465,0.04112790916674646,0.36143582988275735,0.08724687494355343,0.040098579116965405,-0.059078238229269366,0.05830952832046731,-0.02552076965931023,0.01746888596714447,0.008646308123099895,0.10318020286224129,0.007674434142886931,0.025634867165231612,0.0042017919994724135,0.07041045727776374,0.0013208377661524196,0.0064073142752850325,0.0077840248412307175,0.021064027285290457,0.004430638525096634,0.03823152795939971,152.51186188372867,57.833499966437266,11.596483542480023,0.03484364044037597,0.00022801921135906655,0.016709974776617505,0.017264595796328493,0.12422872804408233,1.0967908259591206,0.04228921605003418,0.03656763017631148,0.05628554405285152,1
410ec151,0.08113423328096107,0.00880333594643056,3.0407115003435994,0.12350546887653449,0.14081439791089229,0.5376418242933364,0.004867306336073061,0.12273504273504274,-30.50711786235622,1.0214810783234773,-0.10777131232236033,0.227765698371448,-0.44839169872908413,0.029603707102810507,-0.11987517930972269,-0.01514678651583186,-0.2287858437175998,-0.08024589533745058,-0.2797929630046386,-0.30927404204725606,-0.14071361494981122,0.025624399717858376,0.0068320688491299,0.025866862520186995,0.016050228912539443,0.01018925302904814,0.008937095286946117,0.013055100946164303,0.004189817739051627,0.004928480533361846,0.008343545637842285,0.010964864015358936,0.007113853461938188,0.014774885653894636,196.38285370202038,45.00659566680828,2.7364201908845502,0.041280776937447736,0.00022112446922904714,0.021843602557711457,0.02198898817398824,0.1762938080004442,1.5140104076796665,0.07792469622140012,0.1017273862330808,0.12853943314911367,1
411f8220,0.049742678126262076,0.014515673249180171,2.9422661558410033,0.10857003596978743,0.14595451293130615,0.268546072598343,0.011142509243777824,0.06758592736705578,-33.22346014827547,2.0677745854740435,-0.028162905791508035,-0.07308907105216872,-0.015434138184985092,0.20064496370766285,0.10669580898578569,0.04052996842487989,-0.031193741228999913,-0.12763158360240137,-0.049201523712965864,-0.23294884505834504,-0.12622147082405089,0.02143692187641561,0.010555112098662113,0.04383590485807657,0.0248754630886422,0.029697963089973755,0.003278514154325314,0.024312249436426226,0.005248064590215159,0.005527591005830865,0.007184098477279676,0.016466002371741346,0.003442060321998075,0.02943699742525959,190.65379459638356,51.56187676093742,11.27868748658487,0.04262401427549064,0.0003123011600714245,0.021943096591661417,0.026561177089032977,0.150138621184612,1.2456056699530833,0.05923266019527355,0.06428322196264215,0.056487596722912696,0
4a181673,0.04503073598673777,0.00408545734483994,2.897669821532726,0.09587047701501193,0.13984904896198805,0.23493433837514408,0.007317509061472129,0.05814655172413793,-32.658900507657215,3.3223205531417577,0.2038264518792109,-0.26571519319885906,-0.25942031992156755,0.009518117047092286,-0.00900273202707851,0.1719531271308487,0.026456759424709504,-0.0019784242600171097,0.008524006730776483,0.055347308506695024,-0.05107578223553146,0.014182817791526782,0.015213179813817411,0.03252484920953823,0.014030750625507793,0.0379303398905653,0.012354577745326195,0.02932982290085933,0.0022038415076025995,0.00750155846090963,0.012335782735531412,0.01460630067978854,0.007003170306080139,0.021699763078325895,132.87464966352633,52.7854530493022,8.8369750833286,0.029513594492705957,0.00022562407171065172,0.014384133048274987,0.013109048633581012,0.141012084962248,1.2628952073782573,0.0572967769207713,0.07596672094932458,0.07910241105145205,1
4f8ccf17,0.07920810174559803,0.0037113810918533476,2.954910442005573,0.15483751832372314,0.18146560129942996,0.5847912949488082,0.005015129273159242,0.10365373805508712,-34.88888880148212,1.918623421741195,0.277882389250327,-0.2082079137002245,-0.023499072326911445,0.16435539596368018,-0.0869259476337026,0.02503219817738442,-0.022313996278249894,-0.0028502191791522275,-0.05105921314206795,-0.07925308557326119,-0.047019697710945135,0.025476771146041938,0.006004816478849475,0.03315573872736973,0.012169961248829622,0.012862034619559367,0.006652677535433139,0.023637224297906337,0.002383783949138184,0.006658331720956157,0.010775214241221059,0.024051778495612543,0.0069263246121133975,0.020018643824235377,164.6793416988753,41.34413668553785,5.005396910003245,0.039873331419459465,0.0002630500939901101,0.01990975991030043,0.022759923709975767,0.16570222981881463,1.469277678295903,0.06895006626606931,0.08847252873727376,0.12113435091561751,1
4fb845c6,0.19036318002591715,0.00791111740645642,3.0267651871214616,0.34073843199836795,0.24926828701785836,1.2445878750979766,0.0023405801382128636,0.375619335347432,-30.988274329764046,2.249480163126005,0.6052557614786589,0.20011939027837367,-0.09110288702271238,0.3013554979991572,0.07773181158592479,0.03151749542880117,0.1382364368652421,0.028399773731079863,0.017045231171475547,0.04593787012917016,0.019514133068485415,0.009537244014113712,0.004236699949349321,0.07544026877943215,0.011083340433359038,0.011697885470873595,0.003465183403557262,0.0843094125940944,0.000778846042414651,0.0018124861068005338,0.0072002106524963316,0.03054803249174516,0.0020061322104042677,0.03830477468085392,118.98684354761203,52.67739000077048,6.687028186569287,0.04214156517929604,0.00043748803643573614,0.02039129101095843,0.01536125660159779,0.13822422017752065,1.2122902834913598,0.05841004896760563,0.07129122796531012,0.09788437234539919,1
5206560a,0.08325544546252449,0.008691034836582413,2.954020325821412,0.16199179041355774,0.1867603298862245,0.47038271420913563,0.006593693439450617,0.1094642857142857,-30.019526623771544,2.7631674734335054,0.058193355742902575,0.11338266533353918,-0.008160223690962426,0.10530142108009914,0.03367938711241723,0.18954711378084163,-0.04460065042446694,0.13641565834537886,-0.08918977438811247,0.04067961548053876,-0.035999100511590575,0.007540400353416139,0.00446434826742778,0.02681186964073774,0.008583092143740366,0.0133679242227874,0.006347789095791298,0.05459886787134595,0.004905053623020695,0.008502937265664421,0.03443388204188648,0.024693266640720864,0.0037565484046138227,0.023955456977793353,148.15326987349346,60.13753678363824,7.94828873792567,0.035767709998481584,0.0002831100690676876,0.01551996734885156,0.018095448517370917,0.12407276893508401,1.162587851743192,0.050837026127329495,0.0662403687421442,0.09297404972944608,0
534b44a1,0.04053387940768201,0.0044037736863000556,2.980480940275289,0.09487961369568249,0.1441846194282476,0.23309126439558725,0.007019712577603299,0.060003236245954696,-32.877329665011075,2.941619588305303,-0.2668761526722316,0.11166014359813832,-0.1710156527075141,0.07919784776168223,0.06481866267379786,0.035914694901684314,-0.019811491724388598,0.03790248628509878,0.03236560462223674,-0.03775866528022392,-0.19845561942471487,0.027711375234496256,0.003920158850610787,0.023549553299725103,0.012175423697230287,0.018129188755384096,0.008389600126662155,0.042342239660575785,0.0029376780037939846,0.00603585637111474,0.0300444149089771,0.02861760114064836,0.011746827171887646,0.023179144470852665,153.59996361046427,49.625332620990356,5.262433298655891,0.03987362504295565,0.00027944800678737054,0.02058471994882057,0.02033681795596104,0.15130249004060442,1.3439733478196503,0.06127027667783962,0.07383829251234665,0.09314176077457909,0
545a8164,0.0670063675956936,0.02192909246346133,2.896312439247131,0.13211758989693484,0.17759116241147876,0.3862650870146232,0.006535108254790177,0.08405172413793104,-27.438866015748562,3.6359221971779108,0.40955588965673045,0.0027236469717392413,-0.4381487021257058,0.03764562138496078,-0.04480664697755778,0.10166903638097971,0.03868494801977455,-0.17666137527183107,-0.13609774359824214,0.0719595532157299,0.06685409423801499,0.02175229455305645,0.006344425804822614,0.03593342726393019,0.0239619943841005,0.023529202464965527,0.016486965871068095,0.022218917710456025,0.001013856734322829,0.01329701592464646,0.014658300696461962,0.031247530831871023,0.007160185460112398,0.01978398630732796,98.33830132964277,70.3615143378582,6.388490459235018,0.03606113221786395,0.0003898611818712649,0.02059241740591497,0.02483038617105611,0.14347105526174841,1.263510001361075,0.06547986724969644,0.07661907234369619,0.08729838907869517,1
57b15c71,0.043662762430619916,0.007882768419718153,3.078751623829371,0.11391346048559686,0.16180535849538433,0.29029097868721204,0.00526376606656356,0.06692229924898901,-30.31887941337522,2.564667835659537,-0.22515679919257015,0.19817363281294942,0.021226921695609,0.047025121748111125,0.07238034022177742,0.22328301354682886,-0.00652233463890257,-0.16458351075354727,-0.054303160083199284,-0.019879472688792803,-0.07058830491353116,0.015714536811636787,0.005040322868048484,0.015547088117070175,0.0229184763645907,0.0338047135753741,0.01505030172163513,0.050934628052766225,0.003513695204823476,0.003843190083283239,0.013054569080264625,0.02335073073089298,0.007354128234598199,0.0237973986494558,131.11079400113806,52.78052492329918,4.482165621252022,0.034646712076308296,0.00026374081323772135,0.019675684374957415,0.021080632649854224,0.15386491001001215,1.3523335297913466,0.06983276896685132,0.08298020712345912,0.11836800419011292,1
599b7e82,0.05061583879127718,0.012120113880086707,2.9359076655309893,0.1067054732544149,0.14352004636602325,0.2912613516247105,0.008281036920329873,0.0689041095890411,-30.61932830161743,2.3847242505329613,-0.08619844868720405,0.08144743845815014,-0.02495498231132669,-0.02059730606029831,0.09230649457984268,0.05764607396776948,-0.035486666839230005,-0.025490868378489486,0.10865087719348238,-0.008144504806650762,-0.06062425163348388,0.02043974191814846,0.004523133753930279,0.04687880279423563,0.006624258296487593,0.018109541355746488,0.005556021839679444,0.04535482310176715,0.003339107682396735,0.0038062149370394023,0.02011967968371006,0.044331620160099755,0.004354186737498545,0.03102765238628336,174.03826110078677,57.455973707062384,8.760317175527746,0.030019892605765576,0.00023008257857060733,0.01070732467955083,0.010636627736785054,0.10646648171691175,0.9936850433595062,0.03762280256749151,0.04527639028459247,0.07362655556147689,0
63fb1088,0.06522501086327967,0.005908194469519818,2.9210534783593665,0.18602190471085853,0.24258514671622788,0.328022147724453,0.007760791525324867,0.047230327144120246,-30.88178907468808,2.804095120264051,0.6992630711178421,0.4046078892993908,-0.14841488628069696,0.14727319544249068,-0.013944537830930954,0.0015639885977388943,0.0879921500451691,-0.030587198754636395,-0.013985557615636553,0.05214283640199343,-0.011201185725942416,0.02512317232204532,0.0029671129432213787,0.05043796522035525,0.008595564940401292,0.019096141449570725,0.00544066181788545,0.09978863017590528,0.0005646801637934345,0.00632858479929868,0.017212102676150802,0.035045766008764134,0.002691226730224949,0.03546754552710325,90.78680007882456,47.0369366428681,11.059507659607112,0.045658290742946084,0.0005328281324517743,0.02597967220917191,0.03030088948102791,0.2063027210110538,1.7209325844181056,0.08840610040815626,0.11834488331352185,0.10928520876242294,1
6a5492a1,0.045849816878626055,0.004645237722224693,2.701512803157575,0.09473852850418285,0.1316423555117379,0.3171891707111174,0.007727895282758293,0.06518343815513626,-32.288655599736664,2.7032659611928116,0.42263650699653,-0.22715557470057482,-0.19554985299079852,0.029787606773340063,0.07148191216025133,0.022854861314092027,0.17252620452838147,-0.0614157617302314,-0.044203822406562156,0.05178582482109363,-0.03567867694702542,0.015458725261394772,0.009616975389693758,0.03296149117390691,0.013835142832695338,0.02606270929603919,0.013911504606157678,0.03814544029553633,0.0014471298895270188,0.0069025429177035896,0.014101886657896114,0.026472518956783684,0.006185196438113047,0.02004918489605299,166.15871380632296,52.08526291956449,3.5066187184839577,0.05857902499483976,0.00046489579146744166,0.031073933873058884,0.02793681783950214,0.18237732540552418,1.6019145817224028,0.07561057036026664,0.07736238800937058,0.07901998954018323,1
6dd1411a,0.018749230943862,0.017063728061991697,3.0797364024203033,0.0822139854435625,0.14822824926301903,0.1124616193771543,0.007149033647821556,0.027812738367658275,-26.71284767314215,2.7409697406778895,0.09964924925690284,0.37500899667473175,-0.03304705782950121,0.17576897908906264,0.13923784434885,0.22753069467476378,0.07249098841815996,0.0755140989573478,0.1542140730627306,0.1544844055860863,0.08661391939633412,0.010083369398075812,0.010519462317322413,0.04145289340609102,0.004949787165154626,0.017812487912512175,0.004833738837574798,0.03870921852456609,0.0019463337651744544,0.006720128051224309,0.006708601611062781,0.1355297818813289,0.0023360318613997815,0.043982653405319816,93.07994415521893,68.33765737816003,7.489655262458604,0.051045905707407184,0.0005917194445595485,0.02545605319300798,0.029935531143409494,0.1769235735312722,1.4914333175716403,0.08639932662525739,0.09499047237094453,0.09016735952656864,1
759a6978,0.036527846198542324,0.017058351240838227,3.0048718259593112,0.08152752253078269,0.1282883211558065,0.13948216489535228,0.00876618872897444,0.06596969696969698,-28.448389791183516,1.6327764662323199,-0.39279872326535564,0.09948509985829733,-0.7634912641770731,0.4319096965809455,-0.06276870242555914,0.00705580945722931,-0.24874234996867786,-0.0053774329745109985,-0.0901826772163222,0.05011593146635176,-0.11429733202776975,0.01091025702856351,0.004998833009790498,0.018794942536957026,0.018419450590433487,0.01508077651536858,0.012833167820230642,0.019430426673240478,0.008956735755624745,0.014730087310040644,0.01729182213754971,0.018982219900254452,0.004093513432255322,0.017398560264218123,166.4140057575468,59.44652017420351,5.810851395989188,0.027318598965163254,0.0001685749440637145,0.014161709599195053,0.017328107983003264,0.12970521459664805,1.1987244741586351,0.0640480940805325,0.07430233463748605,0.11739961172290422,0
75f2ba71,0.06121140218680861,0.015056573016485398,2.8544782468483105,0.15022275167151475,0.178397674851006,0.47057093994135785,0.005172612536936359,0.09243589743589745,-30.509649704618475,2.343781137448005,0.7108915013790615,0.2477543688530681,0.06656911752604587,0.31935874628330685,0.015968758611754955,0.1765044787920861,0.0892684170324323,0.03130580084693143,0.002032998556358561,0.07441582501987594,-0.00802320348446857,0.007770817291469151,0.003110381874065909,0.07410151185531916,0.011294640434439302,0.037496965612487346,0.004957549917501427,0.07065910894214927,0.0007392364913729371,0.002448110956104622,0.014118301330814929,0.020935242951086487,0.0019547131723965812,0.03474373091697946,137.53208340623132,43.987596164749085,7.17475400958592,0.04305087623497023,0.00033901173683667665,0.021383670387255613,0.020493222777524227,0.11045059264292478,0.9989911659981214,0.04619249784566759,0.04953994708828116,0.05287782759679649,1
83682192,0.027928303459774907,0.003133623754279223,2.988829204056525,0.08863755769831741,0.14507958054743883,0.19779318701390486,0.009061785352940204,0.04358193277310924,-32.66627688589655,2.9543330517892277,0.32899288832043005,-0.1886043532839663,-0.23331439568392853,-0.014020655595102082,0.03903737465194206,0.2185169790836462,-0.051581303877532854,-0.10646802291829378,-0.07761586377876561,-0.0236968554568273,0.04680313840997451,0.01092472318262122,0.0024028521441478877,0.1137657503871465,0.014108836470777346,0.0077940060357842515,0.0038661367177490785,0.05355463723807665,0.0009860892561174264,0.017240915056930303,0.032629159332058205,0.01605622930796288,0.0026385277951438317,0.04281671696884131,222.8493663548168,53.818387891204566,8.54624062085623,0.0432543029808071,0.0001914818817417268,0.02307449746773427,0.020674613680063115,0.15375176899757964,1.3533519017343913,0.06565112018217156,0.06921662120240299,0.06480143421727544,0
8f9dd431,0.05375923363359268,0.007148860423421567,3.0758491027128887,0.1044246277395528,0.1323510304261091,0.3479673462150326,0.004269661569701995,0.07809944237918215,-29.270326848929876,2.2687771606946403,0.05074557897698213,0.08025512553469613,0.14989302251418307,0.004892763478697032,0.0384528572249075,0.10218234993446185,-0.13682177476354596,-0.06384932779529172,-0.09520178677534344,-0.06817448815814513,-0.23429571840037575,0.06509538268969718,0.007162633308522788,0.03221717560184393,0.013909401782823074,0.01777331695636289,0.008221960890193468,0.028789674289410323,0.004633112992966298,0.005798853929659518,0.009268382688983527,0.017128392512228596,0.008261728811467297,0.026847364276174252,121.6431355074681,50.72660217305241,5.218088324190563,0.0339346201069086,0.00025967428829184634,0.01669157810379006,0.0205324489302053,0.13543148610851866,1.2125792198553622,0.06367642076853879,0.07372039601257287,0.08480352355428283,1
92eaf371,0.052297923842536724,0.0069579673039110715,2.944309539650664,0.14687242784606064,0.2054594739610314,0.32460484142217394,0.005437626030609541,0.06020833333333333,-32.67992353230006,3.1267337194832576,0.30802907055760664,0.26506965682936584,-0.041152869972746135,-0.17595409905008266,0.10184350452629531,0.17733797721742683,0.057547267479713414,0.02495887113697563,-0.0626675567310508,0.07558113670542084,-0.005371019214320218,0.01670525055317429,0.0043719110478210475,0.07434755591938129,0.009246168360162819,0.01673552189697902,0.008531475767641208,0.05117138404758427,0.0010770714262774669,0.005442598635858077,0.015019483237789759,0.04656388451231547,0.01225771114681329,0.029674035883023628,95.32719117746922,50.631083635048356,3.3466433728886162,0.044081153152587066,0.00047734595177960137,0.023176431819283836,0.02379935239819046,0.1553045338553157,1.3996113813763882,0.060785246935901094,0.06999540400035434,0.10146530060989725,1
9eb0c960,0.041047658746700015,0.0067299891885388855,2.8422999692892357,0.08965308661482524,0.1326455056883509,0.3383290171256015,0.007121588240945576,0.06368055555555555,-29.773769861237525,2.7541092543543098,0.2138034212776923,-0.5105796571675967,0.03986167150570393,0.24950225227906092,0.10818686345877664,0.3609176161415473,0.02457906978825295,0.12754194676891523,0.005297873551542167,0.11469899390647981,0.029214912464935766,0.01549250175780716,0.010135061736491296,0.05473109636601837,0.012418635083117933,0.024463026524062233,0.015671280838053848,0.032650716865293576,0.0038027360920224397,0.005468715462264076,0.00942628368511913,0.028208400366295124,0.0056357579635216435,0.022477124048512855,110.99080897106624,56.394594534754546,7.269361476919978,0.04016416316015813,0.00038932862431861014,0.0187678222125133,0.016662934101045673,0.1535433415509428,1.2837845159194392,0.06863097263123352,0.076067759060508,0.0975673189741161,1
9ed8335f,0.06445827465932287,0.018231402270637916,3.0746692725420095,0.1390577649900136,0.1795505295256418,0.3132011460348354,0.0062414250883303995,0.08008572869389814,-29.51200035148798,3.0652816537362004,0.5867013813694675,0.16326439600609005,-0.12820374657893963,0.09064556492886822,0.09132606754089966,0.13407195079440834,0.03807373142314725,0.045476814419272094,0.03202141020237147,-0.05432532474733764,-0.14671653873114568,0.013596414419603456,0.002460668957022973,0.07931800217613738,0.012046209973521536,0.007195180436408421,0.003698502839461473,0.08281628207532779,0.001350931427463772,0.014592546434645422,0.02392093471387164,0.017589327992125623,0.0021162937078865927,0.036935870660152005,167.67702895964862,56.339174760099056,4.908635773295461,0.018109502063379045,0.00010659250799412723,0.009008701438952996,0.01038360442007745,0.08658673435692482,0.7851360557685592,0.03426523650486923,0.04729958624831383,0.04891052455225801,0
a389c73e,0.04197145315924646,0.015528550801990875,2.9384290498021364,0.0940107118097355,0.13475485630145975,0.2529880811409651,0.007329028422443742,0.05755040322580646,-30.521297123625956,2.8274486280906976,0.3566980489558274,0.17388004031752272,-0.16396640847399951,0.15499262526886035,-0.08117926323476701,-0.02897243452950062,-0.1172078144260878,-0.08367620524159414,-0.004638082300731261,0.006302729338224869,-0.031219696902372338,0.018643805127259078,0.004237222958728039,0.0527766666010394,0.037433601774316635,0.04410581987973927,0.00979059079454322,0.0262248713932332,0.0017583534173070115,0.005835155813397015,0.009357223178486819,0.016267568130465957,0.005384275555015834,0.028302819210816753,142.0525685032617,56.1081846546523,8.240217484796457,0.03456373272360789,0.00023400069510721132,0.015456444564323978,0.014533225672450004,0.1238362063779599,1.1384006044859039,0.04181361896358625,0.044060629347860765,0.0559426236727522,1
a43b4caa,0.05110918809889125,0.01867407410100872,3.0439609771221696,0.09466955199122369,0.13166454096591,0.29941766192497005,0.0066306773480800515,0.06781408308004053,-27.851490105622233,2.570360092128972,-0.11096708804601116,-0.06484689702623049,-0.08114902135857292,0.03244639153501877,0.15168158682630947,0.09962967247034198,-0.07018447234116637,0.032531901028808076,0.012146389657886864,0.013456608057290275,0.041517936900991384,0.010357990854349047,0.0077466337696566285,0.01759993164951818,0.012229870970270243,0.02290789138215323,0.015084049377721266,0.0324800042234828,0.0033987629509740105,0.00970657558301132,0.027213072247948004,0.018520126990007716,0.003205061526441123,0.020299444085755895,168.01708054221623,63.7364478491068,9.362348117879462,0.026939845462688905,0.00016401021560550372,0.012809590670861641,0.013921269735982905,0.117205652281845,1.0392692252684232,0.03970425363165798,0.04986030493432159,0.061301236744133764,0
a838cdeb,0.07396810526722904,0.01012635636711781,2.9601598330285626,0.14600386882527083,0.17504388571809412,0.41478513005623785,0.006412380838049987,0.08911168384879725,-30.974389891399674,2.4731015964857908,-0.32291649181703114,-0.2955620029247913,0.08685035486071127,0.031861221779717744,0.01587364807816847,-0.062238235353215786,-0.07599019252182695,-0.09614139736739905,-0.12896549424514347,-0.047298077567316056,-0.02083170335752394,0.014224128565184155,0.0065906634950044,0.05815776350960492,0.01345037852854345,0.014448229314620488,0.014614799414568473,0.05810802018202697,0.0036713415899857385,0.007749692627866628,0.01032286509637904,0.02262362580043841,0.004525975058323851,0.02843528078574459,252.9740722814438,48.002299070377134,6.384879332602424,0.0405409137281268,0.00014871679250041554,0.02094057418710446,0.020960547097722052,0.11758224427066888,1.1127323385395793,0.04950670347661826,0.06174728101395067,0.09011492710515485,0
b1e34605,0.05207615384297913,0.013296125801845537,2.978942366563568,0.12850366584016684,0.1834066745344812,0.2695076383231223,0.006223920586961536,0.06377722772277228,-30.038924500211404,3.097086855629021,0.0639732936506855,0.0688412046931395,-0.12777025080139723,-0.10305542570638299,-0.46007969035414936,-0.09960817265661964,0.3041124458436025,-0.2075047599206971,-0.10277487557420176,-0.23739955631894155,-0.28067640614655015,0.053071431254732924,0.00514703595607932,0.033266873255646826,0.025637303532733604,0.018463706179837974,0.005607052104784846,0.01942506605771537,0.0010324691985147592,0.003590076986037231,0.01415442255851727,0.04834914667991297,0.015562621994619646,0.02715269961030793,176.2518855178326,52.848866783034914,7.082205755905854,0.04150821892743453,0.0002546581692632976,0.022296721688939074,0.021039129755948578,0.1373663779025161,1.2035387490025833,0.051091676971570965,0.04769565852670503,0.04870023431031095,0
c1cb60e7,0.05706825166790135,0.007877774675958234,2.929513851814462,0.13850169658976666,0.18400224992365244,0.35336402833482516,0.007177972156975838,0.06660189982728844,-32.43206106650724,2.515527797636134,0.4456243617537012,0.2615212172028414,-0.2168401222633196,0.15603196578210213,-0.032568915983388284,0.2338697600514173,0.056896546383301265,0.010164473677127145,-0.11688557277194318,0.007445130297491072,-0.10476307562665253,0.026604117604134888,0.012981434475603388,0.051693356250085525,0.019003419822414946,0.0379057955774298,0.006466870063583196,0.01867594496155942,0.0011509506975319128,0.00523530785666122,0.013728810091226033,0.02693866582045105,0.005621801071331178,0.026953869736229354,112.17838416304535,40.98507278108095,6.797561946038078,0.040136880328971364,0.000372615517843046,0.020792267407755322,0.020997411273688774,0.1675136276228409,1.4662698255160367,0.06350151892308456,0.08023931230733097,0.09506411610385736,1
cb97fa80,0.04302577054164726,0.024980676158190725,3.052361259415329,0.0996379758895619,0.14740453425178845,0.28406825187992857,0.007033546303766371,0.05862156862745098,-28.80719344276335,2.6537124128700023,-0.13532572288140443,-0.18552296517178585,0.09831929180156969,0.01314671917877562,0.03174722560683237,-0.18820690085995342,-0.23427856092378474,-0.08714266486177832,-0.07221458339603609,-0.1199839369448514,-0.2747122822031683,0.05199154787240847,0.004513854019166574,0.030025729863557865,0.01069760642019574,0.015541208882460597,0.021446871808513606,0.030734547024911185,0.009877942793318472,0.005431843122358496,0.011772865881577438,0.026309658190342287,0.006084690044584878,0.02886351622954911,195.0010179171678,53.77027576427953,10.835594768376438,0.022966681887478586,0.00012171116967486342,0.010788952746491892,0.011514717433372021,0.1049030858057036,0.8644295658600225,0.03492502967060035,0.04459200507865166,0.06686564188445884,0
cd8118c9,0.12449112363796443,0.01116542198114799,3.0875846994784912,0.2533306539473775,0.26117584530428023,0.657325830402928,0.0044484285079958805,0.2252398753894081,-29.710391535923506,2.9163723219987987,0.2644152654080416,0.20485779524034187,-0.17718001602123146,-0.13449869238205497,-0.11559236251455932,-0.16345841635079209,-0.03576340213008842,0.06337062973092736,0.09008561382259575,0.019661775117847793,-0.03858975943857129,0.015057249008850299,0.005676941743466625,0.025861103347935357,0.015887036104216174,0.02033258401177311,0.011644125734210703,0.03577755558836939,0.001073465318870351,0.00826298703941864,0.019986559225080507,0.014730049194274075,0.005333013104078778,0.01895135538294971,132.14045811231367,34.97328463850536,10.798668740817249,0.05065180164880156,0.0004810932285436331,0.027442896975563846,0.031923253720517485,0.161659668328201,1.4108010598797087,0.07495053375426257,0.0926010116614549,0.0742847861713358,0
ce8f287b,0.053484892209360736,0.00794380653192922,2.9263477915850507,0.10417445580685976,0.13877378441229635,0.3106900300984225,0.007945893982255878,0.073991452991453,-30.66266409076811,2.425281952434885,-0.23075566062686062,-0.16185211062694166,-0.1565738495289499,0.00014322536571626052,-0.07985895160253484,-0.3031042278897946,-0.2039328896478798,-0.1393915920525372,-0.007093476400773429,-0.1183070523156944,-0.12668510998407703,0.022991991906561145,0.005053640043182574,0.03268018529401155,0.01695826980079101,0.0248191609624853,0.02295174705794957,0.031373063091495325,0.004542731900607812,0.010578313110908512,0.012983731982232313,0.015284430808826034,0.005403018162797695,0.02456343677999583,227.7126109150625,51.385218829044575,7.940632382386178,0.03532777998559472,0.00016730208702467813,0.017936438600456767,0.016718367723637648,0.11931162850449015,1.0606319221967564,0.04705826704829035,0.052768538881209824,0.07874313496766286,0
d6953bc0,0.06511162867978208,0.008619442995028091,2.9019428929658058,0.14613365425144184,0.19354715652276744,0.4125473239904165,0.006519613161646064,0.08863830613830613,-31.589732990855296,3.8607434477916858,0.2234889708417127,0.11610949988666713,-0.0601752787098421,0.2489208737431541,-0.2341695134051742,-0.033597788207103726,-0.1202864578630501,-0.04155015676242009,-0.09781614551088699,-0.1314605882105532,-0.0434657268116173,0.028241374139933408,0.004268376657660431,0.04588240383822938,0.023154780743674303,0.02244986672909721,0.011704335369825921,0.02983819863304764,0.001470732745934043,0.006731796653090477,0.03155351132281255,0.027287503440683727,0.0037923133393392215,0.02459292666554644,109.44122178853976,52.85212320030475,7.661537746518146,0.04503642412315825,0.0003805142742508623,0.023365612230049942,0.028114184854640133,0.17401571818450942,1.5212933489506015,0.07431285818179635,0.07507295624284911,0.06571566378683513,1
e51018f4,0.10737916635570496,0.012191683892445924,3.0606156116367664,0.17868268307366342,0.17081732587143256,0.7210891527801384,0.003673212875598488,0.15005822416302764,-28.96806105961692,2.4883695480543087,0.13796330813146487,-0.450612373036962,-0.047458541046600675,0.03136580060325484,0.09600598020819452,0.04356420965645067,0.03341427616719103,-0.09741771153419444,-0.2202663102558139,-0.023026792311139663,0.022040029824523768,0.01139568989147625,0.0060421671043922286,0.0559674476638277,0.02202720688440811,0.014058397650613723,0.015058672397513267,0.029331832847548617,0.0026411181659383802,0.005779106927573399,0.013968928853052008,0.01762375746573331,0.005003859274333032,0.02165463700895935,123.9233734788793,61.82337298425158,4.596785680974185,0.031151655655580368,0.0002592551709618533,0.014339915679555343,0.01638132039744712,0.1760342355600053,1.5474724893956746,0.08255256732708845,0.103613340800422,0.13470408198358694,1
ee99c937,0.054606085869112135,0.008488232757150065,2.9100126181171726,0.11098021710029889,0.14243806267346693,0.32990470972781394,0.008815143045311873,0.08134790528233152,-30.31028794313977,2.4396947778442155,0.25228603170358815,1.1492686173692275,0.25831498366084904,0.2677748400876601,0.24546554598800488,0.19627496511816922,-0.0586640935424965,-0.009354126097168548,-0.060020006763913905,0.04710137321583785,0.010865248901464107,0.009751478405319173,0.001623200549376121,0.09381775765652063,0.01510699604516595,0.03554231715152801,0.004042386382770858,0.04615933600866077,0.0012195433755880943,0.00149409529811924,0.010209542101680782,0.020272124416320862,0.002388315115538812,0.033147600672722766,134.94571369482384,58.877273685643566,5.666081697975893,0.04918753976903065,0.0004060361358661789,0.02349522837806629,0.015620163449902226,0.1633018643131087,1.4117517475665746,0.059804558604036676,0.06110151566586833,0.10599818518351661,1
